INSERT INTO user_role (id, user_role)
VALUES (1000, "ROLE_USER"), (1001, "ROLE_ADMIN"), (1002, "ROLE_DEVELOPER");

INSERT INTO app_user (id, username, password, email)
VALUES
(1003, "user", "$2a$10$48A4EwdmMTgfHKGZ2v/7R.SKRMBjsPQsBoj6YygWA2yRcpTouVt4e", "user.user@gmail.com"),
(1004, "admin", "$2a$10$fO7hsUpfSAarKNTMOHwfgOjl1oHiL07ptEVJ2xJUxGbSx1RPDUfJm", "admin.admin@gmail.com"),
(1005, "developer", "$2a$10$o9vfgmkjpfkqGmzjrX57OuvJ3VeinHACWXt57eChO8eL7EzbXmUjy", "developer.developer@gmail.com"),

(1021, "A creative username", "pass", "abcdefghijk@gmail.com"),
(1023, "MusicEnthusiast3", "pass", "abcdefghijklm@gmail.com"),
(1024, "Bob", "pass", "abcdefghijklmn@gmail.com");


INSERT INTO app_user_user_role (app_user_id, user_role_id)
VALUES
(1003, 1000), (1021, 1000), (1023, 1000), (1024, 1000),
(1004, 1001),
(1005, 1002);

INSERT INTO product(id, name, price, stock, is_featured, category, sub_category, description)
VALUES
(1006, "Some guitar name", 4000.00, 10, 0, "Guitars", "Electric", "Lorem ipsum dolor sit amet consectetur adipisicing elit. Omnis, earum cumque odit possimus repudiandae ipsa. Ratione ipsa amet dolore, voluptatem culpa optio unde hic neque nihil, explicabo cumque pariatur molestiae. Lorem ipsum dolor sit amet consectetur adipisicing elit. Tempora, neque!"),
(1007, "Incredible guitar", 4999.99, 8, 1, "Guitars", "Electric", "Lorem ipsum dolor sit amet consectetur adipisicing elit. Omnis, earum cumque odit possimus repudiandae ipsa. Ratione ipsa amet dolore, voluptatem culpa optio unde hic neque nihil, explicabo cumque pariatur molestiae. Lorem ipsum dolor sit amet consectetur adipisicing elit. Tempora, neque!"),
(1008, "That electric guitar", 3750.00, 14, 1, "Guitars", "Electric", "Lorem ipsum dolor sit amet consectetur adipisicing elit. Omnis, earum cumque odit possimus repudiandae ipsa. Ratione ipsa amet dolore, voluptatem culpa optio unde hic neque nihil, explicabo cumque pariatur molestiae. Lorem ipsum dolor sit amet consectetur adipisicing elit. Tempora, neque!"),
(1009, "Electric guitar", 1234.00, 10, 0, "Guitars", "Electric", "Lorem ipsum dolor sit amet consectetur adipisicing elit. Omnis, earum cumque odit possimus repudiandae ipsa. Ratione ipsa amet dolore, voluptatem culpa optio unde hic neque nihil, explicabo cumque pariatur molestiae. Lorem ipsum dolor sit amet consectetur adipisicing elit. Tempora, neque!"),
(1010, "Another guitar", 4321.00, 10, 0, "Guitars", "Electric", "Lorem ipsum dolor sit amet consectetur adipisicing elit. Omnis, earum cumque odit possimus repudiandae ipsa. Ratione ipsa amet dolore, voluptatem culpa optio unde hic neque nihil, explicabo cumque pariatur molestiae. Lorem ipsum dolor sit amet consectetur adipisicing elit. Tempora, neque!"),

(1011, "Acoustic guitar", 550.50, 35, 0, "Guitars", "Acoustic", "Lorem ipsum dolor sit amet consectetur adipisicing elit. Omnis, earum cumque odit possimus repudiandae ipsa. Ratione ipsa amet dolore, voluptatem culpa optio unde hic neque nihil, explicabo cumque pariatur molestiae. Lorem ipsum dolor sit amet consectetur adipisicing elit. Tempora, neque!"),
(1012, "Super ukulele", 1000.00, 10, 0, "Guitars", "Acoustic", "Lorem ipsum dolor sit amet consectetur adipisicing elit. Omnis, earum cumque odit possimus repudiandae ipsa. Ratione ipsa amet dolore, voluptatem culpa optio unde hic neque nihil, explicabo cumque pariatur molestiae. Lorem ipsum dolor sit amet consectetur adipisicing elit. Tempora, neque!"),

(1013, "The best keyboard", 1000.00, 6, 0, "Pianos", "Keyboards", "Lorem ipsum dolor sit amet consectetur adipisicing elit. Omnis, earum cumque odit possimus repudiandae ipsa. Ratione ipsa amet dolore, voluptatem culpa optio unde hic neque nihil, explicabo cumque pariatur molestiae. Lorem ipsum dolor sit amet consectetur adipisicing elit. Tempora, neque!"),

(1016, "Grand piano", 4999.99, 2, 0, "Pianos", "Grand pianos", "Lorem ipsum dolor sit amet consectetur adipisicing elit. Omnis, earum cumque odit possimus repudiandae ipsa. Ratione ipsa amet dolore, voluptatem culpa optio unde hic neque nihil, explicabo cumque pariatur molestiae. Lorem ipsum dolor sit amet consectetur adipisicing elit. Tempora, neque!"),
(1015, "Grander piano", 5999.99, 2, 1, "Pianos", "Grand pianos", "Lorem ipsum dolor sit amet consectetur adipisicing elit. Omnis, earum cumque odit possimus repudiandae ipsa. Ratione ipsa amet dolore, voluptatem culpa optio unde hic neque nihil, explicabo cumque pariatur molestiae. Lorem ipsum dolor sit amet consectetur adipisicing elit. Tempora, neque!"),
(1015, "Grander piano", 5999.99, 2, 1, "Pianos", "Grand pianos", "Lorem ipsum dolor sit amet consectetur adipisicing elit. Omnis, earum cumque odit possimus repudiandae ipsa. Ratione ipsa amet dolore, voluptatem culpa optio unde hic neque nihil, explicabo cumque pariatur molestiae. Lorem ipsum dolor sit amet consectetur adipisicing elit. Tempora, neque!"),

(1017, "Classic drumset", 2000.00, 15, 1, "Drums", null, "Lorem ipsum dolor sit amet consectetur adipisicing elit. Omnis, earum cumque odit possimus repudiandae ipsa. Ratione ipsa amet dolore, voluptatem culpa optio unde hic neque nihil, explicabo cumque pariatur molestiae. Lorem ipsum dolor sit amet consectetur adipisicing elit. Tempora, neque!"),
(1018, "The drumroll", 1450.50, 7, 0, "Drums", "null", "Lorem ipsum dolor sit amet consectetur adipisicing elit. Omnis, earum cumque odit possimus repudiandae ipsa. Ratione ipsa amet dolore, voluptatem culpa optio unde hic neque nihil, explicabo cumque pariatur molestiae. Lorem ipsum dolor sit amet consectetur adipisicing elit. Tempora, neque!"),
(1019, "Simple drum", 50.00, 27, 0, "Drums", "null", "Lorem ipsum dolor sit amet consectetur adipisicing elit. Omnis, earum cumque odit possimus repudiandae ipsa. Ratione ipsa amet dolore, voluptatem culpa optio unde hic neque nihil, explicabo cumque pariatur molestiae. Lorem ipsum dolor sit amet consectetur adipisicing elit. Tempora, neque!"),

(1020, "Trumpet", 99.99, 12, 0, "Other", null, "Lorem ipsum dolor sit amet consectetur adipisicing elit. Omnis, earum cumque odit possimus repudiandae ipsa. Ratione ipsa amet dolore, voluptatem culpa optio unde hic neque nihil, explicabo cumque pariatur molestiae. Lorem ipsum dolor sit amet consectetur adipisicing elit. Tempora, neque!");

INSERT INTO product_review(id, comment, last_time_updatedutc, stars, time_createdutc, app_user_id, product_id)
VALUES (1026, "Amazing!", "2020-01-22T00:00:00", 5, "2020-01-21T00:00:00", 1003, 1008);

INSERT INTO product_order(id, time_createdutc, app_user_id)
VALUES (1027, "2020-06-22T17:00:00", 1003), (1028, "2020-06-22T18:00:00", 1003);

INSERT INTO ordered_product(id, product_id, product_name, product_price_at_order_time, quantity, product_order_id)
VALUES (1029, 1008, "That electric guitar", 3750.00, 1, 1027), (1030, 1011, "Acoustic guitar", 550.50, 1, 1028), (1031, 1020, "Maracas",  99.99, 2, 1028);

INSERT INTO product_review(id, last_time_updatedutc, stars, time_createdutc, app_user_id, product_id, comment)
VALUES
(1032, null, 5, "2020-01-22T00:00:00", 1024, 1007, "Lorem ipsum dolor sit amet consectetur, adipisicing elit. Voluptate explicabo, officia nobis illum totam quasi magnam esse, suscipit delectus nisi error nam ad eaque, aperiam in dolores? Aut, minima dicta. Vitae qui dolores nobis magnam. Ex dolorem aspernatur asperiores mollitia. Doloremque ipsam numquam, obcaecati harum itaque voluptas ad nihil sunt sint debitis beatae error sequi ducimus repellat earum cum doloribus accusamus at sit reprehenderit distinctio! Vel similique aspernatur placeat voluptatum temporibus aliquid quae exercitationem rerum consectetur tempore dignissimos, dolor eum dicta officiis nam ducimus minus ex iure necessitatibus harum rem velit ipsam? Quae tenetur nemo vitae ullam voluptatum earum animi suscipit, repellendus ab nesciunt nulla reiciendis ipsam quo explicabo repellat quos commodi voluptas quia velit minima dolore? Sapiente, dolorum voluptatem. Consequuntur obcaecati accusantium perspiciatis officiis vel incidunt eveniet id. Nobis sequi maiores sint dolorem consectetur voluptatum reiciendis, quo cumque quis? Nemo magnam impedit rerum nam doloremque alias molestias voluptatibus sapiente."),
(1033, null, 3, "2020-01-22T00:00:00", 1024, 1008, "Lorem ipsum dolor sit amet consectetur, adipisicing elit. Voluptate explicabo, officia nobis illum totam quasi magnam esse, suscipit delectus nisi error nam ad eaque, aperiam in dolores? Aut, minima dicta. Vitae qui dolores nobis magnam. Ex dolorem aspernatur asperiores mollitia. Doloremque ipsam numquam, obcaecati harum itaque voluptas ad nihil sunt sint debitis beatae error sequi ducimus repellat earum cum doloribus accusamus at sit reprehenderit distinctio! Vel similique aspernatur placeat voluptatum temporibus aliquid quae exercitationem rerum consectetur tempore dignissimos, dolor eum dicta officiis nam ducimus minus ex iure necessitatibus harum rem velit ipsam? Quae tenetur nemo vitae ullam voluptatum earum animi suscipit, repellendus ab nesciunt nulla reiciendis ipsam quo explicabo repellat quos commodi voluptas quia velit minima dolore? Sapiente, dolorum voluptatem. Consequuntur obcaecati accusantium perspiciatis officiis vel incidunt eveniet id. Nobis sequi maiores sint dolorem consectetur voluptatum reiciendis, quo cumque quis? Nemo magnam impedit rerum nam doloremque alias molestias voluptatibus sapiente."),
(1034, "2020-01-23T00:00:00", 5, "2020-01-22T00:00:00", 1023, 1008, "Amazing!"),
(1035, "2020-01-23T00:00:00", 4, "2020-01-22T00:00:00", 1021, 1008, "Really good sound."),
(1036, null, 4, "2020-01-22T00:00:00", 1024, 1009, "Lorem ipsum dolor sit amet consectetur, adipisicing elit. Voluptate explicabo, officia nobis illum totam quasi magnam esse, suscipit delectus nisi error nam ad eaque, aperiam in dolores? Aut, minima dicta. Vitae qui dolores nobis magnam. Ex dolorem aspernatur asperiores mollitia. Doloremque ipsam numquam, obcaecati harum itaque voluptas ad nihil sunt sint debitis beatae error sequi ducimus repellat earum cum doloribus accusamus at sit reprehenderit distinctio! Vel similique aspernatur placeat voluptatum temporibus aliquid quae exercitationem rerum consectetur tempore dignissimos, dolor eum dicta officiis nam ducimus minus ex iure necessitatibus harum rem velit ipsam? Quae tenetur nemo vitae ullam voluptatum earum animi suscipit, repellendus ab nesciunt nulla reiciendis ipsam quo explicabo repellat quos commodi voluptas quia velit minima dolore? Sapiente, dolorum voluptatem. Consequuntur obcaecati accusantium perspiciatis officiis vel incidunt eveniet id. Nobis sequi maiores sint dolorem consectetur voluptatum reiciendis, quo cumque quis? Nemo magnam impedit rerum nam doloremque alias molestias voluptatibus sapiente."),
(1037, null, 5, "2020-01-22T00:00:00", 1024, 1011, "Lorem ipsum dolor sit amet consectetur, adipisicing elit. Voluptate explicabo, officia nobis illum totam quasi magnam esse, suscipit delectus nisi error nam ad eaque, aperiam in dolores? Aut, minima dicta. Vitae qui dolores nobis magnam. Ex dolorem aspernatur asperiores mollitia. Doloremque ipsam numquam, obcaecati harum itaque voluptas ad nihil sunt sint debitis beatae error sequi ducimus repellat earum cum doloribus accusamus at sit reprehenderit distinctio! Vel similique aspernatur placeat voluptatum temporibus aliquid quae exercitationem rerum consectetur tempore dignissimos, dolor eum dicta officiis nam ducimus minus ex iure necessitatibus harum rem velit ipsam? Quae tenetur nemo vitae ullam voluptatum earum animi suscipit, repellendus ab nesciunt nulla reiciendis ipsam quo explicabo repellat quos commodi voluptas quia velit minima dolore? Sapiente, dolorum voluptatem. Consequuntur obcaecati accusantium perspiciatis officiis vel incidunt eveniet id. Nobis sequi maiores sint dolorem consectetur voluptatum reiciendis, quo cumque quis? Nemo magnam impedit rerum nam doloremque alias molestias voluptatibus sapiente."),
(1038, "2020-01-23T00:00:00", 3, "2020-01-22T00:00:00", 1021, 1011, "A creative comment."),
(1039, null, 5, "2020-01-22T00:00:00", 1024, 1015, "Lorem ipsum dolor sit amet consectetur, adipisicing elit. Voluptate explicabo, officia nobis illum totam quasi magnam esse, suscipit delectus nisi error nam ad eaque, aperiam in dolores? Aut, minima dicta. Vitae qui dolores nobis magnam. Ex dolorem aspernatur asperiores mollitia. Doloremque ipsam numquam, obcaecati harum itaque voluptas ad nihil sunt sint debitis beatae error sequi ducimus repellat earum cum doloribus accusamus at sit reprehenderit distinctio! Vel similique aspernatur placeat voluptatum temporibus aliquid quae exercitationem rerum consectetur tempore dignissimos, dolor eum dicta officiis nam ducimus minus ex iure necessitatibus harum rem velit ipsam? Quae tenetur nemo vitae ullam voluptatum earum animi suscipit, repellendus ab nesciunt nulla reiciendis ipsam quo explicabo repellat quos commodi voluptas quia velit minima dolore? Sapiente, dolorum voluptatem. Consequuntur obcaecati accusantium perspiciatis officiis vel incidunt eveniet id. Nobis sequi maiores sint dolorem consectetur voluptatum reiciendis, quo cumque quis? Nemo magnam impedit rerum nam doloremque alias molestias voluptatibus sapiente."),
(1040, null, 5, "2020-01-22T00:00:00", 1024, 1017, "Lorem ipsum dolor sit amet consectetur, adipisicing elit. Voluptate explicabo, officia nobis illum totam quasi magnam esse, suscipit delectus nisi error nam ad eaque, aperiam in dolores? Aut, minima dicta. Vitae qui dolores nobis magnam. Ex dolorem aspernatur asperiores mollitia. Doloremque ipsam numquam, obcaecati harum itaque voluptas ad nihil sunt sint debitis beatae error sequi ducimus repellat earum cum doloribus accusamus at sit reprehenderit distinctio! Vel similique aspernatur placeat voluptatum temporibus aliquid quae exercitationem rerum consectetur tempore dignissimos, dolor eum dicta officiis nam ducimus minus ex iure necessitatibus harum rem velit ipsam? Quae tenetur nemo vitae ullam voluptatum earum animi suscipit, repellendus ab nesciunt nulla reiciendis ipsam quo explicabo repellat quos commodi voluptas quia velit minima dolore? Sapiente, dolorum voluptatem. Consequuntur obcaecati accusantium perspiciatis officiis vel incidunt eveniet id. Nobis sequi maiores sint dolorem consectetur voluptatum reiciendis, quo cumque quis? Nemo magnam impedit rerum nam doloremque alias molestias voluptatibus sapiente."),
(1041, "2020-01-23T00:00:00", 5, "2020-01-22T00:00:00", 1023, 1017, "Fantastic!"),
(1042, null, 3, "2020-01-22T00:00:00", 1024, 1018, "Lorem ipsum dolor sit amet consectetur, adipisicing elit. Voluptate explicabo, officia nobis illum totam quasi magnam esse, suscipit delectus nisi error nam ad eaque, aperiam in dolores? Aut, minima dicta. Vitae qui dolores nobis magnam. Ex dolorem aspernatur asperiores mollitia. Doloremque ipsam numquam, obcaecati harum itaque voluptas ad nihil sunt sint debitis beatae error sequi ducimus repellat earum cum doloribus accusamus at sit reprehenderit distinctio! Vel similique aspernatur placeat voluptatum temporibus aliquid quae exercitationem rerum consectetur tempore dignissimos, dolor eum dicta officiis nam ducimus minus ex iure necessitatibus harum rem velit ipsam? Quae tenetur nemo vitae ullam voluptatum earum animi suscipit, repellendus ab nesciunt nulla reiciendis ipsam quo explicabo repellat quos commodi voluptas quia velit minima dolore? Sapiente, dolorum voluptatem. Consequuntur obcaecati accusantium perspiciatis officiis vel incidunt eveniet id. Nobis sequi maiores sint dolorem consectetur voluptatum reiciendis, quo cumque quis? Nemo magnam impedit rerum nam doloremque alias molestias voluptatibus sapiente."),
(1043, "2020-01-23T00:00:00", 4, "2020-01-22T00:00:00", 1023, 1018, "Incredible!"),
(1045, "2020-01-23T00:00:00", 1, "2020-01-22T00:00:00", 1024, 1019, "Too advanced."),
(1046, null, 4, "2020-01-22T00:00:00", 1024, 1020, "Lorem ipsum dolor sit amet consectetur, adipisicing elit. Voluptate explicabo, officia nobis illum totam quasi magnam esse, suscipit delectus nisi error nam ad eaque, aperiam in dolores? Aut, minima dicta. Vitae qui dolores nobis magnam. Ex dolorem aspernatur asperiores mollitia. Doloremque ipsam numquam, obcaecati harum itaque voluptas ad nihil sunt sint debitis beatae error sequi ducimus repellat earum cum doloribus accusamus at sit reprehenderit distinctio! Vel similique aspernatur placeat voluptatum temporibus aliquid quae exercitationem rerum consectetur tempore dignissimos, dolor eum dicta officiis nam ducimus minus ex iure necessitatibus harum rem velit ipsam? Quae tenetur nemo vitae ullam voluptatum earum animi suscipit, repellendus ab nesciunt nulla reiciendis ipsam quo explicabo repellat quos commodi voluptas quia velit minima dolore? Sapiente, dolorum voluptatem. Consequuntur obcaecati accusantium perspiciatis officiis vel incidunt eveniet id. Nobis sequi maiores sint dolorem consectetur voluptatum reiciendis, quo cumque quis? Nemo magnam impedit rerum nam doloremque alias molestias voluptatibus sapiente."),
(1047, null, 5, "2020-01-22T00:00:00", 1024, 1013, "Lorem ipsum dolor sit amet consectetur, adipisicing elit. Voluptate explicabo, officia nobis illum totam quasi magnam esse, suscipit delectus nisi error nam ad eaque, aperiam in dolores? Aut, minima dicta. Vitae qui dolores nobis magnam. Ex dolorem aspernatur asperiores mollitia. Doloremque ipsam numquam, obcaecati harum itaque voluptas ad nihil sunt sint debitis beatae error sequi ducimus repellat earum cum doloribus accusamus at sit reprehenderit distinctio! Vel similique aspernatur placeat voluptatum temporibus aliquid quae exercitationem rerum consectetur tempore dignissimos, dolor eum dicta officiis nam ducimus minus ex iure necessitatibus harum rem velit ipsam? Quae tenetur nemo vitae ullam voluptatum earum animi suscipit, repellendus ab nesciunt nulla reiciendis ipsam quo explicabo repellat quos commodi voluptas quia velit minima dolore? Sapiente, dolorum voluptatem. Consequuntur obcaecati accusantium perspiciatis officiis vel incidunt eveniet id. Nobis sequi maiores sint dolorem consectetur voluptatum reiciendis, quo cumque quis? Nemo magnam impedit rerum nam doloremque alias molestias voluptatibus sapiente."),
(1048, null, 4, "2020-01-22T00:00:00", 1024, 1016, "Lorem ipsum dolor sit amet consectetur, adipisicing elit. Voluptate explicabo, officia nobis illum totam quasi magnam esse, suscipit delectus nisi error nam ad eaque, aperiam in dolores? Aut, minima dicta. Vitae qui dolores nobis magnam. Ex dolorem aspernatur asperiores mollitia. Doloremque ipsam numquam, obcaecati harum itaque voluptas ad nihil sunt sint debitis beatae error sequi ducimus repellat earum cum doloribus accusamus at sit reprehenderit distinctio! Vel similique aspernatur placeat voluptatum temporibus aliquid quae exercitationem rerum consectetur tempore dignissimos, dolor eum dicta officiis nam ducimus minus ex iure necessitatibus harum rem velit ipsam? Quae tenetur nemo vitae ullam voluptatum earum animi suscipit, repellendus ab nesciunt nulla reiciendis ipsam quo explicabo repellat quos commodi voluptas quia velit minima dolore? Sapiente, dolorum voluptatem. Consequuntur obcaecati accusantium perspiciatis officiis vel incidunt eveniet id. Nobis sequi maiores sint dolorem consectetur voluptatum reiciendis, quo cumque quis? Nemo magnam impedit rerum nam doloremque alias molestias voluptatibus sapiente."),
(1049, "2020-01-23T00:00:00", 3, "2020-01-22T00:00:00", 1023, 1016, "Why is Bob commenting on almost all instruments? It's almost like there's an attempt to put comments everywhere or something.");